{"cameraMode":{"drawMode":0,"name":"Shaded","section":"Shading Mode"},"sceneLighting":false,"audioPlay":false,"sceneViewState":{"m_AlwaysRefresh":false,"showFog":true,"showSkybox":false,"showFlares":true,"showImageEffects":true,"showParticleSystems":true,"showVisualEffectGraphs":true,"m_FxEnabled":true},"in2DMode":false,"pivot":{"x":2.692777633666992,"y":0.7190364599227905,"z":-12.335336685180664},"rotation":{"x":-0.13785970211029054,"y":0.20260177552700044,"z":-0.028821954503655435,"w":-0.9690837860107422},"size":7.420088291168213,"orthographic":false}